segment,recency,transaction_count,total_spend,average_transaction_value,purchase_frequency,customer_lifetime,average_basket_size,customer_count,customer_percentage,segment_name
0,69.65925925925926,7.920987654320988,688793.7159753087,89426.51443721724,0.3985156246189357,578.4987654320988,7.661871989464582,405,20.46488125315816,VIP
1,394.45112781954884,2.075187969924812,116084.69669172932,56135.71891084855,0.9648904421861556,42.06015037593985,7.054099534550662,133,6.720565942395148,Occasional
2,224.87130801687763,3.6371308016877637,169722.11139240506,46133.85283438819,0.3311257967009211,320.415611814346,6.556507434197307,474,23.951490651844367,Occasional
3,154.47080291970804,4.0583941605839415,535218.0555839415,137075.7169910497,0.31091732285842605,408.93430656934305,10.172219325686479,274,13.845376452753916,At Risk
4,70.64213564213564,5.31024531024531,242532.05894660894,46432.73215715546,0.2742075540437213,562.063492063492,6.424602601983555,693,35.017685699848414,Regular
